frozen_author_source	/Users/Shared/micah/Documents/TNN/TNN/Research/R33_FINAL_INTEGRATION_20260915T2145Z/v91_fresh/author_sources/qualify_native.zsh
frozen_author_source	/Users/Shared/micah/Documents/TNN/TNN/Research/R33_FINAL_INTEGRATION_20260915T2145Z/v91_fresh/author_sources/r23_blake2b64_person_v1.zag
frozen_author_source	/Users/Shared/micah/Documents/TNN/TNN/Research/R33_FINAL_INTEGRATION_20260915T2145Z/v91_fresh/author_sources/r25_blake2b64_v1.zag
frozen_author_source	/Users/Shared/micah/Documents/TNN/TNN/Research/R33_FINAL_INTEGRATION_20260915T2145Z/v91_fresh/author_sources/r25_mt19937_v1.zag
frozen_author_source	/Users/Shared/micah/Documents/TNN/TNN/Research/R33_FINAL_INTEGRATION_20260915T2145Z/v91_fresh/author_sources/v91_admission_gate.zag
frozen_author_source	/Users/Shared/micah/Documents/TNN/TNN/Research/R33_FINAL_INTEGRATION_20260915T2145Z/v91_fresh/author_sources/v91_allocation_probe.zag
frozen_author_source	/Users/Shared/micah/Documents/TNN/TNN/Research/R33_FINAL_INTEGRATION_20260915T2145Z/v91_fresh/author_sources/v91_bpe_components_tests.zag
frozen_author_source	/Users/Shared/micah/Documents/TNN/TNN/Research/R33_FINAL_INTEGRATION_20260915T2145Z/v91_fresh/author_sources/v91_emit_rows.zag
frozen_author_source	/Users/Shared/micah/Documents/TNN/TNN/Research/R33_FINAL_INTEGRATION_20260915T2145Z/v91_fresh/author_sources/v91_negative_admission.zag
frozen_author_source	/Users/Shared/micah/Documents/TNN/TNN/Research/R33_FINAL_INTEGRATION_20260915T2145Z/v91_fresh/author_sources/v91_numeric_components.zag
frozen_author_source	/Users/Shared/micah/Documents/TNN/TNN/Research/R33_FINAL_INTEGRATION_20260915T2145Z/v91_fresh/author_sources/v91_numeric_components_tests.zag
frozen_author_source	/Users/Shared/micah/Documents/TNN/TNN/Research/R33_FINAL_INTEGRATION_20260915T2145Z/v91_fresh/author_sources/v91_oracle_custody.zag
frozen_author_source	/Users/Shared/micah/Documents/TNN/TNN/Research/R33_FINAL_INTEGRATION_20260915T2145Z/v91_fresh/author_sources/v91_oracle_custody_runner.zag
frozen_author_source	/Users/Shared/micah/Documents/TNN/TNN/Research/R33_FINAL_INTEGRATION_20260915T2145Z/v91_fresh/author_sources/v91_project_native.zag
frozen_author_source	/Users/Shared/micah/Documents/TNN/TNN/Research/R33_FINAL_INTEGRATION_20260915T2145Z/v91_fresh/author_sources/v91_record.zag
frozen_author_source	/Users/Shared/micah/Documents/TNN/TNN/Research/R33_FINAL_INTEGRATION_20260915T2145Z/v91_fresh/author_sources/v91_retained_extract.zag
frozen_author_source	/Users/Shared/micah/Documents/TNN/TNN/Research/R33_FINAL_INTEGRATION_20260915T2145Z/v91_fresh/author_sources/v91_retained_inspect.zag
frozen_author_source	/Users/Shared/micah/Documents/TNN/TNN/Research/R33_FINAL_INTEGRATION_20260915T2145Z/v91_fresh/author_sources/v91_semantic_kat.zag
frozen_author_source	/Users/Shared/micah/Documents/TNN/TNN/Research/R33_FINAL_INTEGRATION_20260915T2145Z/v91_fresh/author_sources/v91_semantic_kat_tests.zag
frozen_projected_closure	/Users/Shared/micah/Documents/TNN/TNN/Research/R33_FINAL_INTEGRATION_20260915T2145Z/v91_fresh/projected/bpe.provenance
frozen_projected_closure	/Users/Shared/micah/Documents/TNN/TNN/Research/R33_FINAL_INTEGRATION_20260915T2145Z/v91_fresh/projected/bpe.zag
frozen_projected_closure	/Users/Shared/micah/Documents/TNN/TNN/Research/R33_FINAL_INTEGRATION_20260915T2145Z/v91_fresh/projected/extract.provenance
frozen_projected_closure	/Users/Shared/micah/Documents/TNN/TNN/Research/R33_FINAL_INTEGRATION_20260915T2145Z/v91_fresh/projected/extract.zag
frozen_projected_closure	/Users/Shared/micah/Documents/TNN/TNN/Research/R33_FINAL_INTEGRATION_20260915T2145Z/v91_fresh/projected/gate.provenance
frozen_projected_closure	/Users/Shared/micah/Documents/TNN/TNN/Research/R33_FINAL_INTEGRATION_20260915T2145Z/v91_fresh/projected/gate.zag
frozen_projected_closure	/Users/Shared/micah/Documents/TNN/TNN/Research/R33_FINAL_INTEGRATION_20260915T2145Z/v91_fresh/projected/layout.provenance
frozen_projected_closure	/Users/Shared/micah/Documents/TNN/TNN/Research/R33_FINAL_INTEGRATION_20260915T2145Z/v91_fresh/projected/layout.zag
frozen_projected_closure	/Users/Shared/micah/Documents/TNN/TNN/Research/R33_FINAL_INTEGRATION_20260915T2145Z/v91_fresh/projected/negative.provenance
frozen_projected_closure	/Users/Shared/micah/Documents/TNN/TNN/Research/R33_FINAL_INTEGRATION_20260915T2145Z/v91_fresh/projected/negative.zag
frozen_projected_closure	/Users/Shared/micah/Documents/TNN/TNN/Research/R33_FINAL_INTEGRATION_20260915T2145Z/v91_fresh/projected/numeric.provenance
frozen_projected_closure	/Users/Shared/micah/Documents/TNN/TNN/Research/R33_FINAL_INTEGRATION_20260915T2145Z/v91_fresh/projected/numeric.zag
frozen_projected_closure	/Users/Shared/micah/Documents/TNN/TNN/Research/R33_FINAL_INTEGRATION_20260915T2145Z/v91_fresh/projected/oracle.provenance
frozen_projected_closure	/Users/Shared/micah/Documents/TNN/TNN/Research/R33_FINAL_INTEGRATION_20260915T2145Z/v91_fresh/projected/oracle.zag
frozen_projected_closure	/Users/Shared/micah/Documents/TNN/TNN/Research/R33_FINAL_INTEGRATION_20260915T2145Z/v91_fresh/projected/record.provenance
frozen_projected_closure	/Users/Shared/micah/Documents/TNN/TNN/Research/R33_FINAL_INTEGRATION_20260915T2145Z/v91_fresh/projected/record.zag
frozen_projected_closure	/Users/Shared/micah/Documents/TNN/TNN/Research/R33_FINAL_INTEGRATION_20260915T2145Z/v91_fresh/projected/rows_emit.provenance
frozen_projected_closure	/Users/Shared/micah/Documents/TNN/TNN/Research/R33_FINAL_INTEGRATION_20260915T2145Z/v91_fresh/projected/rows_emit.zag
frozen_projected_closure	/Users/Shared/micah/Documents/TNN/TNN/Research/R33_FINAL_INTEGRATION_20260915T2145Z/v91_fresh/projected/rows_test.provenance
frozen_projected_closure	/Users/Shared/micah/Documents/TNN/TNN/Research/R33_FINAL_INTEGRATION_20260915T2145Z/v91_fresh/projected/rows_test.zag
frozen_native_import_source	/Users/Shared/micah/Documents/TNN/TNN/Research/R33_FINAL_INTEGRATION_20260915T2145Z/v91_fresh/import_closure//Users/Shared/micah/Documents/TNN/TNN/Research/R33_NATIVE_IO_V1.zag
frozen_native_import_source	/Users/Shared/micah/Documents/TNN/TNN/Research/R33_FINAL_INTEGRATION_20260915T2145Z/v91_fresh/import_closure//Users/Shared/micah/Documents/TNN/TNN/Research/R33_NATIVE_N13A_FINGERPRINT_SCRATCH/R33_NATIVE_IO_V1.zag
frozen_native_import_source	/Users/Shared/micah/Documents/TNN/TNN/Research/R33_FINAL_INTEGRATION_20260915T2145Z/v91_fresh/import_closure//Users/Shared/micah/Documents/TNN/TNN/Research/R33_NATIVE_N13A_FINGERPRINT_SCRATCH/R33_NATIVE_SHA256_V2.zag
frozen_native_import_source	/Users/Shared/micah/Documents/TNN/TNN/Research/R33_FINAL_INTEGRATION_20260915T2145Z/v91_fresh/import_closure//Users/Shared/micah/Documents/TNN/TNN/Research/R33_NATIVE_N13A_FINGERPRINT_SCRATCH/binding.zag
frozen_native_import_source	/Users/Shared/micah/Documents/TNN/TNN/Research/R33_FINAL_INTEGRATION_20260915T2145Z/v91_fresh/import_closure//Users/Shared/micah/Documents/TNN/TNN/Research/R33_NATIVE_N13A_FINGERPRINT_SCRATCH/inert.zag
frozen_native_import_source	/Users/Shared/micah/Documents/TNN/TNN/Research/R33_FINAL_INTEGRATION_20260915T2145Z/v91_fresh/import_closure//Users/Shared/micah/Documents/TNN/TNN/Research/R33_NATIVE_N13A_FINGERPRINT_SCRATCH/mapio.zag
frozen_native_import_source	/Users/Shared/micah/Documents/TNN/TNN/Research/R33_FINAL_INTEGRATION_20260915T2145Z/v91_fresh/import_closure//Users/Shared/micah/Documents/TNN/TNN/Research/R33_NATIVE_N13A_FINGERPRINT_SCRATCH/storage.zag
frozen_native_import_source	/Users/Shared/micah/Documents/TNN/TNN/Research/R33_FINAL_INTEGRATION_20260915T2145Z/v91_fresh/import_closure//Users/Shared/micah/Documents/TNN/TNN/Research/R33_NATIVE_N13A_FINGERPRINT_SCRATCH/tensor.zag
frozen_native_import_source	/Users/Shared/micah/Documents/TNN/TNN/Research/R33_FINAL_INTEGRATION_20260915T2145Z/v91_fresh/import_closure//Users/Shared/micah/Documents/TNN/TNN/Research/R33_NATIVE_N13A_FINGERPRINT_SCRATCH/views.zag
frozen_native_import_source	/Users/Shared/micah/Documents/TNN/TNN/Research/R33_FINAL_INTEGRATION_20260915T2145Z/v91_fresh/import_closure//Users/Shared/micah/Documents/TNN/TNN/Research/R33_NATIVE_N17_R27_CONTINUITY/V91_SEMANTIC_KAT/r23_blake2b64_person_v1.zag
frozen_native_import_source	/Users/Shared/micah/Documents/TNN/TNN/Research/R33_FINAL_INTEGRATION_20260915T2145Z/v91_fresh/import_closure//Users/Shared/micah/Documents/TNN/TNN/Research/R33_NATIVE_N17_R27_CONTINUITY/V91_SEMANTIC_KAT/r25_blake2b64_v1.zag
frozen_native_import_source	/Users/Shared/micah/Documents/TNN/TNN/Research/R33_FINAL_INTEGRATION_20260915T2145Z/v91_fresh/import_closure//Users/Shared/micah/Documents/TNN/TNN/Research/R33_NATIVE_N17_R27_CONTINUITY/V91_SEMANTIC_KAT/r25_mt19937_v1.zag
frozen_native_import_source	/Users/Shared/micah/Documents/TNN/TNN/Research/R33_FINAL_INTEGRATION_20260915T2145Z/v91_fresh/import_closure//Users/Shared/micah/Documents/TNN/TNN/Research/R33_NATIVE_N17_R27_CONTINUITY/V91_SEMANTIC_KAT/v91_admission_gate.zag
frozen_native_import_source	/Users/Shared/micah/Documents/TNN/TNN/Research/R33_FINAL_INTEGRATION_20260915T2145Z/v91_fresh/import_closure//Users/Shared/micah/Documents/TNN/TNN/Research/R33_NATIVE_N17_R27_CONTINUITY/V91_SEMANTIC_KAT/v91_allocation_probe.zag
frozen_native_import_source	/Users/Shared/micah/Documents/TNN/TNN/Research/R33_FINAL_INTEGRATION_20260915T2145Z/v91_fresh/import_closure//Users/Shared/micah/Documents/TNN/TNN/Research/R33_NATIVE_N17_R27_CONTINUITY/V91_SEMANTIC_KAT/v91_bpe_components_tests.zag
frozen_native_import_source	/Users/Shared/micah/Documents/TNN/TNN/Research/R33_FINAL_INTEGRATION_20260915T2145Z/v91_fresh/import_closure//Users/Shared/micah/Documents/TNN/TNN/Research/R33_NATIVE_N17_R27_CONTINUITY/V91_SEMANTIC_KAT/v91_emit_rows.zag
frozen_native_import_source	/Users/Shared/micah/Documents/TNN/TNN/Research/R33_FINAL_INTEGRATION_20260915T2145Z/v91_fresh/import_closure//Users/Shared/micah/Documents/TNN/TNN/Research/R33_NATIVE_N17_R27_CONTINUITY/V91_SEMANTIC_KAT/v91_negative_admission.zag
frozen_native_import_source	/Users/Shared/micah/Documents/TNN/TNN/Research/R33_FINAL_INTEGRATION_20260915T2145Z/v91_fresh/import_closure//Users/Shared/micah/Documents/TNN/TNN/Research/R33_NATIVE_N17_R27_CONTINUITY/V91_SEMANTIC_KAT/v91_numeric_components.zag
frozen_native_import_source	/Users/Shared/micah/Documents/TNN/TNN/Research/R33_FINAL_INTEGRATION_20260915T2145Z/v91_fresh/import_closure//Users/Shared/micah/Documents/TNN/TNN/Research/R33_NATIVE_N17_R27_CONTINUITY/V91_SEMANTIC_KAT/v91_numeric_components_tests.zag
frozen_native_import_source	/Users/Shared/micah/Documents/TNN/TNN/Research/R33_FINAL_INTEGRATION_20260915T2145Z/v91_fresh/import_closure//Users/Shared/micah/Documents/TNN/TNN/Research/R33_NATIVE_N17_R27_CONTINUITY/V91_SEMANTIC_KAT/v91_oracle_custody.zag
frozen_native_import_source	/Users/Shared/micah/Documents/TNN/TNN/Research/R33_FINAL_INTEGRATION_20260915T2145Z/v91_fresh/import_closure//Users/Shared/micah/Documents/TNN/TNN/Research/R33_NATIVE_N17_R27_CONTINUITY/V91_SEMANTIC_KAT/v91_oracle_custody_runner.zag
frozen_native_import_source	/Users/Shared/micah/Documents/TNN/TNN/Research/R33_FINAL_INTEGRATION_20260915T2145Z/v91_fresh/import_closure//Users/Shared/micah/Documents/TNN/TNN/Research/R33_NATIVE_N17_R27_CONTINUITY/V91_SEMANTIC_KAT/v91_record.zag
frozen_native_import_source	/Users/Shared/micah/Documents/TNN/TNN/Research/R33_FINAL_INTEGRATION_20260915T2145Z/v91_fresh/import_closure//Users/Shared/micah/Documents/TNN/TNN/Research/R33_NATIVE_N17_R27_CONTINUITY/V91_SEMANTIC_KAT/v91_retained_extract.zag
frozen_native_import_source	/Users/Shared/micah/Documents/TNN/TNN/Research/R33_FINAL_INTEGRATION_20260915T2145Z/v91_fresh/import_closure//Users/Shared/micah/Documents/TNN/TNN/Research/R33_NATIVE_N17_R27_CONTINUITY/V91_SEMANTIC_KAT/v91_semantic_kat.zag
frozen_native_import_source	/Users/Shared/micah/Documents/TNN/TNN/Research/R33_FINAL_INTEGRATION_20260915T2145Z/v91_fresh/import_closure//Users/Shared/micah/Documents/TNN/TNN/Research/R33_NATIVE_N17_R27_CONTINUITY/V91_SEMANTIC_KAT/v91_semantic_kat_tests.zag
frozen_native_import_source	/Users/Shared/micah/Documents/TNN/TNN/Research/R33_FINAL_INTEGRATION_20260915T2145Z/v91_fresh/import_closure//Users/Shared/micah/Documents/TNN/TNN/Research/R33_NATIVE_N17_R27_CONTINUITY/identity.zag
frozen_native_import_source	/Users/Shared/micah/Documents/TNN/TNN/Research/R33_FINAL_INTEGRATION_20260915T2145Z/v91_fresh/import_closure//Users/Shared/micah/Documents/TNN/TNN/Research/R33_NATIVE_SHA256_V2.zag
native_binary	/Users/Shared/micah/Documents/TNN/TNN/Research/R33_FINAL_INTEGRATION_20260915T2145Z/v91_fresh/bin/bpe
native_binary	/Users/Shared/micah/Documents/TNN/TNN/Research/R33_FINAL_INTEGRATION_20260915T2145Z/v91_fresh/bin/extract
native_binary	/Users/Shared/micah/Documents/TNN/TNN/Research/R33_FINAL_INTEGRATION_20260915T2145Z/v91_fresh/bin/gate
native_binary	/Users/Shared/micah/Documents/TNN/TNN/Research/R33_FINAL_INTEGRATION_20260915T2145Z/v91_fresh/bin/layout
native_binary	/Users/Shared/micah/Documents/TNN/TNN/Research/R33_FINAL_INTEGRATION_20260915T2145Z/v91_fresh/bin/negative
native_binary	/Users/Shared/micah/Documents/TNN/TNN/Research/R33_FINAL_INTEGRATION_20260915T2145Z/v91_fresh/bin/numeric
native_binary	/Users/Shared/micah/Documents/TNN/TNN/Research/R33_FINAL_INTEGRATION_20260915T2145Z/v91_fresh/bin/oracle
native_binary	/Users/Shared/micah/Documents/TNN/TNN/Research/R33_FINAL_INTEGRATION_20260915T2145Z/v91_fresh/bin/project
native_binary	/Users/Shared/micah/Documents/TNN/TNN/Research/R33_FINAL_INTEGRATION_20260915T2145Z/v91_fresh/bin/record
native_binary	/Users/Shared/micah/Documents/TNN/TNN/Research/R33_FINAL_INTEGRATION_20260915T2145Z/v91_fresh/bin/rows_emit
native_binary	/Users/Shared/micah/Documents/TNN/TNN/Research/R33_FINAL_INTEGRATION_20260915T2145Z/v91_fresh/bin/rows_test
native_extracted_exact_input	/Users/Shared/micah/Documents/TNN/TNN/Research/R33_FINAL_INTEGRATION_20260915T2145Z/v91_fresh/inputs/bpe.framed.bin
native_extracted_exact_input	/Users/Shared/micah/Documents/TNN/TNN/Research/R33_FINAL_INTEGRATION_20260915T2145Z/v91_fresh/inputs/ce.bias.f32le
native_extracted_exact_input	/Users/Shared/micah/Documents/TNN/TNN/Research/R33_FINAL_INTEGRATION_20260915T2145Z/v91_fresh/inputs/ce.weight.f32le
native_extracted_exact_input	/Users/Shared/micah/Documents/TNN/TNN/Research/R33_FINAL_INTEGRATION_20260915T2145Z/v91_fresh/inputs/ch.bias.f32le
native_extracted_exact_input	/Users/Shared/micah/Documents/TNN/TNN/Research/R33_FINAL_INTEGRATION_20260915T2145Z/v91_fresh/inputs/ch.weight.f32le
native_extracted_exact_input	/Users/Shared/micah/Documents/TNN/TNN/Research/R33_FINAL_INTEGRATION_20260915T2145Z/v91_fresh/inputs/emb.weight.f32le
native_extracted_exact_input	/Users/Shared/micah/Documents/TNN/TNN/Research/R33_FINAL_INTEGRATION_20260915T2145Z/v91_fresh/inputs/interpreter.W.f32le
native_extracted_exact_input	/Users/Shared/micah/Documents/TNN/TNN/Research/R33_FINAL_INTEGRATION_20260915T2145Z/v91_fresh/inputs/oracle.framed.bin
native_extracted_exact_input	/Users/Shared/micah/Documents/TNN/TNN/Research/R33_FINAL_INTEGRATION_20260915T2145Z/v91_fresh/inputs/out.bias.f32le
native_extracted_exact_input	/Users/Shared/micah/Documents/TNN/TNN/Research/R33_FINAL_INTEGRATION_20260915T2145Z/v91_fresh/inputs/out.weight.f32le
native_extracted_exact_input	/Users/Shared/micah/Documents/TNN/TNN/Research/R33_FINAL_INTEGRATION_20260915T2145Z/v91_fresh/inputs/rnn.bias_hh_l0.f32le
native_extracted_exact_input	/Users/Shared/micah/Documents/TNN/TNN/Research/R33_FINAL_INTEGRATION_20260915T2145Z/v91_fresh/inputs/rnn.bias_ih_l0.f32le
native_extracted_exact_input	/Users/Shared/micah/Documents/TNN/TNN/Research/R33_FINAL_INTEGRATION_20260915T2145Z/v91_fresh/inputs/rnn.weight_hh_l0.f32le
native_extracted_exact_input	/Users/Shared/micah/Documents/TNN/TNN/Research/R33_FINAL_INTEGRATION_20260915T2145Z/v91_fresh/inputs/rnn.weight_ih_l0.f32le
native_extracted_exact_input	/Users/Shared/micah/Documents/TNN/TNN/Research/R33_FINAL_INTEGRATION_20260915T2145Z/v91_fresh/nested_r23/bpe.framed.bin
native_extracted_exact_input	/Users/Shared/micah/Documents/TNN/TNN/Research/R33_FINAL_INTEGRATION_20260915T2145Z/v91_fresh/nested_r23/ce.bias.f32le
native_extracted_exact_input	/Users/Shared/micah/Documents/TNN/TNN/Research/R33_FINAL_INTEGRATION_20260915T2145Z/v91_fresh/nested_r23/ce.weight.f32le
native_extracted_exact_input	/Users/Shared/micah/Documents/TNN/TNN/Research/R33_FINAL_INTEGRATION_20260915T2145Z/v91_fresh/nested_r23/ch.bias.f32le
native_extracted_exact_input	/Users/Shared/micah/Documents/TNN/TNN/Research/R33_FINAL_INTEGRATION_20260915T2145Z/v91_fresh/nested_r23/ch.weight.f32le
native_extracted_exact_input	/Users/Shared/micah/Documents/TNN/TNN/Research/R33_FINAL_INTEGRATION_20260915T2145Z/v91_fresh/nested_r23/emb.weight.f32le
native_extracted_exact_input	/Users/Shared/micah/Documents/TNN/TNN/Research/R33_FINAL_INTEGRATION_20260915T2145Z/v91_fresh/nested_r23/interpreter.W.f32le
native_extracted_exact_input	/Users/Shared/micah/Documents/TNN/TNN/Research/R33_FINAL_INTEGRATION_20260915T2145Z/v91_fresh/nested_r23/out.bias.f32le
native_extracted_exact_input	/Users/Shared/micah/Documents/TNN/TNN/Research/R33_FINAL_INTEGRATION_20260915T2145Z/v91_fresh/nested_r23/out.weight.f32le
native_extracted_exact_input	/Users/Shared/micah/Documents/TNN/TNN/Research/R33_FINAL_INTEGRATION_20260915T2145Z/v91_fresh/nested_r23/rnn.bias_hh_l0.f32le
native_extracted_exact_input	/Users/Shared/micah/Documents/TNN/TNN/Research/R33_FINAL_INTEGRATION_20260915T2145Z/v91_fresh/nested_r23/rnn.bias_ih_l0.f32le
native_extracted_exact_input	/Users/Shared/micah/Documents/TNN/TNN/Research/R33_FINAL_INTEGRATION_20260915T2145Z/v91_fresh/nested_r23/rnn.weight_hh_l0.f32le
native_extracted_exact_input	/Users/Shared/micah/Documents/TNN/TNN/Research/R33_FINAL_INTEGRATION_20260915T2145Z/v91_fresh/nested_r23/rnn.weight_ih_l0.f32le
admitted_parent_map_member	/Users/Shared/micah/Documents/TNN/TNN/Research/R33_NATIVE_N10_RUN_PRIMARY_V1/parent-map/edges-1.bin
admitted_parent_map_member	/Users/Shared/micah/Documents/TNN/TNN/Research/R33_NATIVE_N10_RUN_PRIMARY_V1/parent-map/edges-10.bin
admitted_parent_map_member	/Users/Shared/micah/Documents/TNN/TNN/Research/R33_NATIVE_N10_RUN_PRIMARY_V1/parent-map/edges-11.bin
admitted_parent_map_member	/Users/Shared/micah/Documents/TNN/TNN/Research/R33_NATIVE_N10_RUN_PRIMARY_V1/parent-map/edges-12.bin
admitted_parent_map_member	/Users/Shared/micah/Documents/TNN/TNN/Research/R33_NATIVE_N10_RUN_PRIMARY_V1/parent-map/edges-13.bin
admitted_parent_map_member	/Users/Shared/micah/Documents/TNN/TNN/Research/R33_NATIVE_N10_RUN_PRIMARY_V1/parent-map/edges-14.bin
admitted_parent_map_member	/Users/Shared/micah/Documents/TNN/TNN/Research/R33_NATIVE_N10_RUN_PRIMARY_V1/parent-map/edges-15.bin
admitted_parent_map_member	/Users/Shared/micah/Documents/TNN/TNN/Research/R33_NATIVE_N10_RUN_PRIMARY_V1/parent-map/edges-16.bin
admitted_parent_map_member	/Users/Shared/micah/Documents/TNN/TNN/Research/R33_NATIVE_N10_RUN_PRIMARY_V1/parent-map/edges-17.bin
admitted_parent_map_member	/Users/Shared/micah/Documents/TNN/TNN/Research/R33_NATIVE_N10_RUN_PRIMARY_V1/parent-map/edges-2.bin
admitted_parent_map_member	/Users/Shared/micah/Documents/TNN/TNN/Research/R33_NATIVE_N10_RUN_PRIMARY_V1/parent-map/edges-3.bin
admitted_parent_map_member	/Users/Shared/micah/Documents/TNN/TNN/Research/R33_NATIVE_N10_RUN_PRIMARY_V1/parent-map/edges-4.bin
admitted_parent_map_member	/Users/Shared/micah/Documents/TNN/TNN/Research/R33_NATIVE_N10_RUN_PRIMARY_V1/parent-map/edges-5.bin
admitted_parent_map_member	/Users/Shared/micah/Documents/TNN/TNN/Research/R33_NATIVE_N10_RUN_PRIMARY_V1/parent-map/edges-6.bin
admitted_parent_map_member	/Users/Shared/micah/Documents/TNN/TNN/Research/R33_NATIVE_N10_RUN_PRIMARY_V1/parent-map/edges-7.bin
admitted_parent_map_member	/Users/Shared/micah/Documents/TNN/TNN/Research/R33_NATIVE_N10_RUN_PRIMARY_V1/parent-map/edges-8.bin
admitted_parent_map_member	/Users/Shared/micah/Documents/TNN/TNN/Research/R33_NATIVE_N10_RUN_PRIMARY_V1/parent-map/edges-9.bin
admitted_parent_map_member	/Users/Shared/micah/Documents/TNN/TNN/Research/R33_NATIVE_N10_RUN_PRIMARY_V1/parent-map/globals-1.bin
admitted_parent_map_member	/Users/Shared/micah/Documents/TNN/TNN/Research/R33_NATIVE_N10_RUN_PRIMARY_V1/parent-map/manifest.bin
admitted_parent_map_member	/Users/Shared/micah/Documents/TNN/TNN/Research/R33_NATIVE_N10_RUN_PRIMARY_V1/parent-map/memo-1.bin
admitted_parent_map_member	/Users/Shared/micah/Documents/TNN/TNN/Research/R33_NATIVE_N10_RUN_PRIMARY_V1/parent-map/memo-2.bin
admitted_parent_map_member	/Users/Shared/micah/Documents/TNN/TNN/Research/R33_NATIVE_N10_RUN_PRIMARY_V1/parent-map/memo-3.bin
admitted_parent_map_member	/Users/Shared/micah/Documents/TNN/TNN/Research/R33_NATIVE_N10_RUN_PRIMARY_V1/parent-map/nodes-1.bin
admitted_parent_map_member	/Users/Shared/micah/Documents/TNN/TNN/Research/R33_NATIVE_N10_RUN_PRIMARY_V1/parent-map/nodes-10.bin
admitted_parent_map_member	/Users/Shared/micah/Documents/TNN/TNN/Research/R33_NATIVE_N10_RUN_PRIMARY_V1/parent-map/nodes-11.bin
admitted_parent_map_member	/Users/Shared/micah/Documents/TNN/TNN/Research/R33_NATIVE_N10_RUN_PRIMARY_V1/parent-map/nodes-12.bin
admitted_parent_map_member	/Users/Shared/micah/Documents/TNN/TNN/Research/R33_NATIVE_N10_RUN_PRIMARY_V1/parent-map/nodes-13.bin
admitted_parent_map_member	/Users/Shared/micah/Documents/TNN/TNN/Research/R33_NATIVE_N10_RUN_PRIMARY_V1/parent-map/nodes-14.bin
admitted_parent_map_member	/Users/Shared/micah/Documents/TNN/TNN/Research/R33_NATIVE_N10_RUN_PRIMARY_V1/parent-map/nodes-15.bin
admitted_parent_map_member	/Users/Shared/micah/Documents/TNN/TNN/Research/R33_NATIVE_N10_RUN_PRIMARY_V1/parent-map/nodes-16.bin
admitted_parent_map_member	/Users/Shared/micah/Documents/TNN/TNN/Research/R33_NATIVE_N10_RUN_PRIMARY_V1/parent-map/nodes-17.bin
admitted_parent_map_member	/Users/Shared/micah/Documents/TNN/TNN/Research/R33_NATIVE_N10_RUN_PRIMARY_V1/parent-map/nodes-18.bin
admitted_parent_map_member	/Users/Shared/micah/Documents/TNN/TNN/Research/R33_NATIVE_N10_RUN_PRIMARY_V1/parent-map/nodes-19.bin
admitted_parent_map_member	/Users/Shared/micah/Documents/TNN/TNN/Research/R33_NATIVE_N10_RUN_PRIMARY_V1/parent-map/nodes-2.bin
admitted_parent_map_member	/Users/Shared/micah/Documents/TNN/TNN/Research/R33_NATIVE_N10_RUN_PRIMARY_V1/parent-map/nodes-20.bin
admitted_parent_map_member	/Users/Shared/micah/Documents/TNN/TNN/Research/R33_NATIVE_N10_RUN_PRIMARY_V1/parent-map/nodes-21.bin
admitted_parent_map_member	/Users/Shared/micah/Documents/TNN/TNN/Research/R33_NATIVE_N10_RUN_PRIMARY_V1/parent-map/nodes-22.bin
admitted_parent_map_member	/Users/Shared/micah/Documents/TNN/TNN/Research/R33_NATIVE_N10_RUN_PRIMARY_V1/parent-map/nodes-23.bin
admitted_parent_map_member	/Users/Shared/micah/Documents/TNN/TNN/Research/R33_NATIVE_N10_RUN_PRIMARY_V1/parent-map/nodes-24.bin
admitted_parent_map_member	/Users/Shared/micah/Documents/TNN/TNN/Research/R33_NATIVE_N10_RUN_PRIMARY_V1/parent-map/nodes-25.bin
admitted_parent_map_member	/Users/Shared/micah/Documents/TNN/TNN/Research/R33_NATIVE_N10_RUN_PRIMARY_V1/parent-map/nodes-26.bin
admitted_parent_map_member	/Users/Shared/micah/Documents/TNN/TNN/Research/R33_NATIVE_N10_RUN_PRIMARY_V1/parent-map/nodes-27.bin
admitted_parent_map_member	/Users/Shared/micah/Documents/TNN/TNN/Research/R33_NATIVE_N10_RUN_PRIMARY_V1/parent-map/nodes-28.bin
admitted_parent_map_member	/Users/Shared/micah/Documents/TNN/TNN/Research/R33_NATIVE_N10_RUN_PRIMARY_V1/parent-map/nodes-29.bin
admitted_parent_map_member	/Users/Shared/micah/Documents/TNN/TNN/Research/R33_NATIVE_N10_RUN_PRIMARY_V1/parent-map/nodes-3.bin
admitted_parent_map_member	/Users/Shared/micah/Documents/TNN/TNN/Research/R33_NATIVE_N10_RUN_PRIMARY_V1/parent-map/nodes-30.bin
admitted_parent_map_member	/Users/Shared/micah/Documents/TNN/TNN/Research/R33_NATIVE_N10_RUN_PRIMARY_V1/parent-map/nodes-31.bin
admitted_parent_map_member	/Users/Shared/micah/Documents/TNN/TNN/Research/R33_NATIVE_N10_RUN_PRIMARY_V1/parent-map/nodes-32.bin
admitted_parent_map_member	/Users/Shared/micah/Documents/TNN/TNN/Research/R33_NATIVE_N10_RUN_PRIMARY_V1/parent-map/nodes-33.bin
admitted_parent_map_member	/Users/Shared/micah/Documents/TNN/TNN/Research/R33_NATIVE_N10_RUN_PRIMARY_V1/parent-map/nodes-34.bin
admitted_parent_map_member	/Users/Shared/micah/Documents/TNN/TNN/Research/R33_NATIVE_N10_RUN_PRIMARY_V1/parent-map/nodes-35.bin
admitted_parent_map_member	/Users/Shared/micah/Documents/TNN/TNN/Research/R33_NATIVE_N10_RUN_PRIMARY_V1/parent-map/nodes-36.bin
admitted_parent_map_member	/Users/Shared/micah/Documents/TNN/TNN/Research/R33_NATIVE_N10_RUN_PRIMARY_V1/parent-map/nodes-37.bin
admitted_parent_map_member	/Users/Shared/micah/Documents/TNN/TNN/Research/R33_NATIVE_N10_RUN_PRIMARY_V1/parent-map/nodes-38.bin
admitted_parent_map_member	/Users/Shared/micah/Documents/TNN/TNN/Research/R33_NATIVE_N10_RUN_PRIMARY_V1/parent-map/nodes-39.bin
admitted_parent_map_member	/Users/Shared/micah/Documents/TNN/TNN/Research/R33_NATIVE_N10_RUN_PRIMARY_V1/parent-map/nodes-4.bin
admitted_parent_map_member	/Users/Shared/micah/Documents/TNN/TNN/Research/R33_NATIVE_N10_RUN_PRIMARY_V1/parent-map/nodes-40.bin
admitted_parent_map_member	/Users/Shared/micah/Documents/TNN/TNN/Research/R33_NATIVE_N10_RUN_PRIMARY_V1/parent-map/nodes-41.bin
admitted_parent_map_member	/Users/Shared/micah/Documents/TNN/TNN/Research/R33_NATIVE_N10_RUN_PRIMARY_V1/parent-map/nodes-42.bin
admitted_parent_map_member	/Users/Shared/micah/Documents/TNN/TNN/Research/R33_NATIVE_N10_RUN_PRIMARY_V1/parent-map/nodes-43.bin
admitted_parent_map_member	/Users/Shared/micah/Documents/TNN/TNN/Research/R33_NATIVE_N10_RUN_PRIMARY_V1/parent-map/nodes-44.bin
admitted_parent_map_member	/Users/Shared/micah/Documents/TNN/TNN/Research/R33_NATIVE_N10_RUN_PRIMARY_V1/parent-map/nodes-45.bin
admitted_parent_map_member	/Users/Shared/micah/Documents/TNN/TNN/Research/R33_NATIVE_N10_RUN_PRIMARY_V1/parent-map/nodes-46.bin
admitted_parent_map_member	/Users/Shared/micah/Documents/TNN/TNN/Research/R33_NATIVE_N10_RUN_PRIMARY_V1/parent-map/nodes-47.bin
admitted_parent_map_member	/Users/Shared/micah/Documents/TNN/TNN/Research/R33_NATIVE_N10_RUN_PRIMARY_V1/parent-map/nodes-48.bin
admitted_parent_map_member	/Users/Shared/micah/Documents/TNN/TNN/Research/R33_NATIVE_N10_RUN_PRIMARY_V1/parent-map/nodes-49.bin
admitted_parent_map_member	/Users/Shared/micah/Documents/TNN/TNN/Research/R33_NATIVE_N10_RUN_PRIMARY_V1/parent-map/nodes-5.bin
admitted_parent_map_member	/Users/Shared/micah/Documents/TNN/TNN/Research/R33_NATIVE_N10_RUN_PRIMARY_V1/parent-map/nodes-50.bin
admitted_parent_map_member	/Users/Shared/micah/Documents/TNN/TNN/Research/R33_NATIVE_N10_RUN_PRIMARY_V1/parent-map/nodes-51.bin
admitted_parent_map_member	/Users/Shared/micah/Documents/TNN/TNN/Research/R33_NATIVE_N10_RUN_PRIMARY_V1/parent-map/nodes-52.bin
admitted_parent_map_member	/Users/Shared/micah/Documents/TNN/TNN/Research/R33_NATIVE_N10_RUN_PRIMARY_V1/parent-map/nodes-53.bin
admitted_parent_map_member	/Users/Shared/micah/Documents/TNN/TNN/Research/R33_NATIVE_N10_RUN_PRIMARY_V1/parent-map/nodes-54.bin
admitted_parent_map_member	/Users/Shared/micah/Documents/TNN/TNN/Research/R33_NATIVE_N10_RUN_PRIMARY_V1/parent-map/nodes-55.bin
admitted_parent_map_member	/Users/Shared/micah/Documents/TNN/TNN/Research/R33_NATIVE_N10_RUN_PRIMARY_V1/parent-map/nodes-56.bin
admitted_parent_map_member	/Users/Shared/micah/Documents/TNN/TNN/Research/R33_NATIVE_N10_RUN_PRIMARY_V1/parent-map/nodes-57.bin
admitted_parent_map_member	/Users/Shared/micah/Documents/TNN/TNN/Research/R33_NATIVE_N10_RUN_PRIMARY_V1/parent-map/nodes-58.bin
admitted_parent_map_member	/Users/Shared/micah/Documents/TNN/TNN/Research/R33_NATIVE_N10_RUN_PRIMARY_V1/parent-map/nodes-59.bin
admitted_parent_map_member	/Users/Shared/micah/Documents/TNN/TNN/Research/R33_NATIVE_N10_RUN_PRIMARY_V1/parent-map/nodes-6.bin
admitted_parent_map_member	/Users/Shared/micah/Documents/TNN/TNN/Research/R33_NATIVE_N10_RUN_PRIMARY_V1/parent-map/nodes-60.bin
admitted_parent_map_member	/Users/Shared/micah/Documents/TNN/TNN/Research/R33_NATIVE_N10_RUN_PRIMARY_V1/parent-map/nodes-61.bin
admitted_parent_map_member	/Users/Shared/micah/Documents/TNN/TNN/Research/R33_NATIVE_N10_RUN_PRIMARY_V1/parent-map/nodes-62.bin
admitted_parent_map_member	/Users/Shared/micah/Documents/TNN/TNN/Research/R33_NATIVE_N10_RUN_PRIMARY_V1/parent-map/nodes-63.bin
admitted_parent_map_member	/Users/Shared/micah/Documents/TNN/TNN/Research/R33_NATIVE_N10_RUN_PRIMARY_V1/parent-map/nodes-7.bin
admitted_parent_map_member	/Users/Shared/micah/Documents/TNN/TNN/Research/R33_NATIVE_N10_RUN_PRIMARY_V1/parent-map/nodes-8.bin
admitted_parent_map_member	/Users/Shared/micah/Documents/TNN/TNN/Research/R33_NATIVE_N10_RUN_PRIMARY_V1/parent-map/nodes-9.bin
admitted_parent_map_member	/Users/Shared/micah/Documents/TNN/TNN/Research/R33_NATIVE_N10_RUN_PRIMARY_V1/parent-map/opcodes-1.bin
admitted_parent_map_member	/Users/Shared/micah/Documents/TNN/TNN/Research/R33_NATIVE_N10_RUN_PRIMARY_V1/parent-map/raw-1.bin
admitted_parent_map_member	/Users/Shared/micah/Documents/TNN/TNN/Research/R33_NATIVE_N10_RUN_PRIMARY_V1/parent-map/raw-10.bin
admitted_parent_map_member	/Users/Shared/micah/Documents/TNN/TNN/Research/R33_NATIVE_N10_RUN_PRIMARY_V1/parent-map/raw-11.bin
admitted_parent_map_member	/Users/Shared/micah/Documents/TNN/TNN/Research/R33_NATIVE_N10_RUN_PRIMARY_V1/parent-map/raw-12.bin
admitted_parent_map_member	/Users/Shared/micah/Documents/TNN/TNN/Research/R33_NATIVE_N10_RUN_PRIMARY_V1/parent-map/raw-13.bin
admitted_parent_map_member	/Users/Shared/micah/Documents/TNN/TNN/Research/R33_NATIVE_N10_RUN_PRIMARY_V1/parent-map/raw-14.bin
admitted_parent_map_member	/Users/Shared/micah/Documents/TNN/TNN/Research/R33_NATIVE_N10_RUN_PRIMARY_V1/parent-map/raw-15.bin
admitted_parent_map_member	/Users/Shared/micah/Documents/TNN/TNN/Research/R33_NATIVE_N10_RUN_PRIMARY_V1/parent-map/raw-16.bin
admitted_parent_map_member	/Users/Shared/micah/Documents/TNN/TNN/Research/R33_NATIVE_N10_RUN_PRIMARY_V1/parent-map/raw-17.bin
admitted_parent_map_member	/Users/Shared/micah/Documents/TNN/TNN/Research/R33_NATIVE_N10_RUN_PRIMARY_V1/parent-map/raw-18.bin
admitted_parent_map_member	/Users/Shared/micah/Documents/TNN/TNN/Research/R33_NATIVE_N10_RUN_PRIMARY_V1/parent-map/raw-19.bin
admitted_parent_map_member	/Users/Shared/micah/Documents/TNN/TNN/Research/R33_NATIVE_N10_RUN_PRIMARY_V1/parent-map/raw-2.bin
admitted_parent_map_member	/Users/Shared/micah/Documents/TNN/TNN/Research/R33_NATIVE_N10_RUN_PRIMARY_V1/parent-map/raw-20.bin
admitted_parent_map_member	/Users/Shared/micah/Documents/TNN/TNN/Research/R33_NATIVE_N10_RUN_PRIMARY_V1/parent-map/raw-21.bin
admitted_parent_map_member	/Users/Shared/micah/Documents/TNN/TNN/Research/R33_NATIVE_N10_RUN_PRIMARY_V1/parent-map/raw-22.bin
admitted_parent_map_member	/Users/Shared/micah/Documents/TNN/TNN/Research/R33_NATIVE_N10_RUN_PRIMARY_V1/parent-map/raw-23.bin
admitted_parent_map_member	/Users/Shared/micah/Documents/TNN/TNN/Research/R33_NATIVE_N10_RUN_PRIMARY_V1/parent-map/raw-24.bin
admitted_parent_map_member	/Users/Shared/micah/Documents/TNN/TNN/Research/R33_NATIVE_N10_RUN_PRIMARY_V1/parent-map/raw-25.bin
admitted_parent_map_member	/Users/Shared/micah/Documents/TNN/TNN/Research/R33_NATIVE_N10_RUN_PRIMARY_V1/parent-map/raw-26.bin
admitted_parent_map_member	/Users/Shared/micah/Documents/TNN/TNN/Research/R33_NATIVE_N10_RUN_PRIMARY_V1/parent-map/raw-27.bin
admitted_parent_map_member	/Users/Shared/micah/Documents/TNN/TNN/Research/R33_NATIVE_N10_RUN_PRIMARY_V1/parent-map/raw-28.bin
admitted_parent_map_member	/Users/Shared/micah/Documents/TNN/TNN/Research/R33_NATIVE_N10_RUN_PRIMARY_V1/parent-map/raw-29.bin
admitted_parent_map_member	/Users/Shared/micah/Documents/TNN/TNN/Research/R33_NATIVE_N10_RUN_PRIMARY_V1/parent-map/raw-3.bin
admitted_parent_map_member	/Users/Shared/micah/Documents/TNN/TNN/Research/R33_NATIVE_N10_RUN_PRIMARY_V1/parent-map/raw-30.bin
admitted_parent_map_member	/Users/Shared/micah/Documents/TNN/TNN/Research/R33_NATIVE_N10_RUN_PRIMARY_V1/parent-map/raw-31.bin
admitted_parent_map_member	/Users/Shared/micah/Documents/TNN/TNN/Research/R33_NATIVE_N10_RUN_PRIMARY_V1/parent-map/raw-32.bin
admitted_parent_map_member	/Users/Shared/micah/Documents/TNN/TNN/Research/R33_NATIVE_N10_RUN_PRIMARY_V1/parent-map/raw-33.bin
admitted_parent_map_member	/Users/Shared/micah/Documents/TNN/TNN/Research/R33_NATIVE_N10_RUN_PRIMARY_V1/parent-map/raw-34.bin
admitted_parent_map_member	/Users/Shared/micah/Documents/TNN/TNN/Research/R33_NATIVE_N10_RUN_PRIMARY_V1/parent-map/raw-35.bin
admitted_parent_map_member	/Users/Shared/micah/Documents/TNN/TNN/Research/R33_NATIVE_N10_RUN_PRIMARY_V1/parent-map/raw-36.bin
admitted_parent_map_member	/Users/Shared/micah/Documents/TNN/TNN/Research/R33_NATIVE_N10_RUN_PRIMARY_V1/parent-map/raw-37.bin
admitted_parent_map_member	/Users/Shared/micah/Documents/TNN/TNN/Research/R33_NATIVE_N10_RUN_PRIMARY_V1/parent-map/raw-38.bin
admitted_parent_map_member	/Users/Shared/micah/Documents/TNN/TNN/Research/R33_NATIVE_N10_RUN_PRIMARY_V1/parent-map/raw-39.bin
admitted_parent_map_member	/Users/Shared/micah/Documents/TNN/TNN/Research/R33_NATIVE_N10_RUN_PRIMARY_V1/parent-map/raw-4.bin
admitted_parent_map_member	/Users/Shared/micah/Documents/TNN/TNN/Research/R33_NATIVE_N10_RUN_PRIMARY_V1/parent-map/raw-40.bin
admitted_parent_map_member	/Users/Shared/micah/Documents/TNN/TNN/Research/R33_NATIVE_N10_RUN_PRIMARY_V1/parent-map/raw-41.bin
admitted_parent_map_member	/Users/Shared/micah/Documents/TNN/TNN/Research/R33_NATIVE_N10_RUN_PRIMARY_V1/parent-map/raw-42.bin
admitted_parent_map_member	/Users/Shared/micah/Documents/TNN/TNN/Research/R33_NATIVE_N10_RUN_PRIMARY_V1/parent-map/raw-43.bin
admitted_parent_map_member	/Users/Shared/micah/Documents/TNN/TNN/Research/R33_NATIVE_N10_RUN_PRIMARY_V1/parent-map/raw-44.bin
admitted_parent_map_member	/Users/Shared/micah/Documents/TNN/TNN/Research/R33_NATIVE_N10_RUN_PRIMARY_V1/parent-map/raw-45.bin
admitted_parent_map_member	/Users/Shared/micah/Documents/TNN/TNN/Research/R33_NATIVE_N10_RUN_PRIMARY_V1/parent-map/raw-46.bin
admitted_parent_map_member	/Users/Shared/micah/Documents/TNN/TNN/Research/R33_NATIVE_N10_RUN_PRIMARY_V1/parent-map/raw-47.bin
admitted_parent_map_member	/Users/Shared/micah/Documents/TNN/TNN/Research/R33_NATIVE_N10_RUN_PRIMARY_V1/parent-map/raw-48.bin
admitted_parent_map_member	/Users/Shared/micah/Documents/TNN/TNN/Research/R33_NATIVE_N10_RUN_PRIMARY_V1/parent-map/raw-49.bin
admitted_parent_map_member	/Users/Shared/micah/Documents/TNN/TNN/Research/R33_NATIVE_N10_RUN_PRIMARY_V1/parent-map/raw-5.bin
admitted_parent_map_member	/Users/Shared/micah/Documents/TNN/TNN/Research/R33_NATIVE_N10_RUN_PRIMARY_V1/parent-map/raw-50.bin
admitted_parent_map_member	/Users/Shared/micah/Documents/TNN/TNN/Research/R33_NATIVE_N10_RUN_PRIMARY_V1/parent-map/raw-51.bin
admitted_parent_map_member	/Users/Shared/micah/Documents/TNN/TNN/Research/R33_NATIVE_N10_RUN_PRIMARY_V1/parent-map/raw-52.bin
admitted_parent_map_member	/Users/Shared/micah/Documents/TNN/TNN/Research/R33_NATIVE_N10_RUN_PRIMARY_V1/parent-map/raw-53.bin
admitted_parent_map_member	/Users/Shared/micah/Documents/TNN/TNN/Research/R33_NATIVE_N10_RUN_PRIMARY_V1/parent-map/raw-54.bin
admitted_parent_map_member	/Users/Shared/micah/Documents/TNN/TNN/Research/R33_NATIVE_N10_RUN_PRIMARY_V1/parent-map/raw-55.bin
admitted_parent_map_member	/Users/Shared/micah/Documents/TNN/TNN/Research/R33_NATIVE_N10_RUN_PRIMARY_V1/parent-map/raw-56.bin
admitted_parent_map_member	/Users/Shared/micah/Documents/TNN/TNN/Research/R33_NATIVE_N10_RUN_PRIMARY_V1/parent-map/raw-57.bin
admitted_parent_map_member	/Users/Shared/micah/Documents/TNN/TNN/Research/R33_NATIVE_N10_RUN_PRIMARY_V1/parent-map/raw-58.bin
admitted_parent_map_member	/Users/Shared/micah/Documents/TNN/TNN/Research/R33_NATIVE_N10_RUN_PRIMARY_V1/parent-map/raw-59.bin
admitted_parent_map_member	/Users/Shared/micah/Documents/TNN/TNN/Research/R33_NATIVE_N10_RUN_PRIMARY_V1/parent-map/raw-6.bin
admitted_parent_map_member	/Users/Shared/micah/Documents/TNN/TNN/Research/R33_NATIVE_N10_RUN_PRIMARY_V1/parent-map/raw-60.bin
admitted_parent_map_member	/Users/Shared/micah/Documents/TNN/TNN/Research/R33_NATIVE_N10_RUN_PRIMARY_V1/parent-map/raw-61.bin
admitted_parent_map_member	/Users/Shared/micah/Documents/TNN/TNN/Research/R33_NATIVE_N10_RUN_PRIMARY_V1/parent-map/raw-62.bin
admitted_parent_map_member	/Users/Shared/micah/Documents/TNN/TNN/Research/R33_NATIVE_N10_RUN_PRIMARY_V1/parent-map/raw-63.bin
admitted_parent_map_member	/Users/Shared/micah/Documents/TNN/TNN/Research/R33_NATIVE_N10_RUN_PRIMARY_V1/parent-map/raw-64.bin
admitted_parent_map_member	/Users/Shared/micah/Documents/TNN/TNN/Research/R33_NATIVE_N10_RUN_PRIMARY_V1/parent-map/raw-65.bin
admitted_parent_map_member	/Users/Shared/micah/Documents/TNN/TNN/Research/R33_NATIVE_N10_RUN_PRIMARY_V1/parent-map/raw-66.bin
admitted_parent_map_member	/Users/Shared/micah/Documents/TNN/TNN/Research/R33_NATIVE_N10_RUN_PRIMARY_V1/parent-map/raw-67.bin
admitted_parent_map_member	/Users/Shared/micah/Documents/TNN/TNN/Research/R33_NATIVE_N10_RUN_PRIMARY_V1/parent-map/raw-7.bin
admitted_parent_map_member	/Users/Shared/micah/Documents/TNN/TNN/Research/R33_NATIVE_N10_RUN_PRIMARY_V1/parent-map/raw-8.bin
admitted_parent_map_member	/Users/Shared/micah/Documents/TNN/TNN/Research/R33_NATIVE_N10_RUN_PRIMARY_V1/parent-map/raw-9.bin
stable_compiler	/Users/Shared/micah/Documents/zag/znc
exact_parent_serialization	/Users/Shared/micah/Documents/TNN/TNN/Research/R33_PARENT_RECOVERED_V1/parent-r27-accepted-state.pkl
command_journal	/Users/Shared/micah/Documents/TNN/TNN/Research/R33_FINAL_INTEGRATION_20260915T2145Z/v91_fresh/commands.tsv
