TRAP-A1-001	4	4	4	4	5	ABSTAIN:leader-changed	A	0	1	leader-changed
TRAP-A1-002	4	4	4	4	5	ABSTAIN:leader-changed	A	0	1	leader-changed
TRAP-A1-003	4	4	4	4	5	ABSTAIN:leader-changed	A	0	1	leader-changed
TRAP-A1-004	4	4	4	4	5	ABSTAIN:leader-changed	A	0	1	leader-changed
TRAP-A1-005	4	4	4	4	5	ABSTAIN:leader-changed	A	0	1	leader-changed
TRAP-A1-006	4	4	4	4	5	ABSTAIN:leader-changed	A	0	1	leader-changed
TRAP-A1-007	4	4	4	4	5	ABSTAIN:leader-changed	A	0	1	leader-changed
TRAP-A1-008	4	4	4	4	5	ABSTAIN:leader-changed	A	0	1	leader-changed
TRAP-A2-001	4	4	4	4	5	ABSTAIN:leader-changed	A	0	0	leader-changed
TRAP-A2-002	4	4	4	4	5	ABSTAIN:leader-changed	A	0	0	leader-changed
TRAP-A2-003	4	4	4	4	5	ABSTAIN:leader-changed	A	0	0	leader-changed
TRAP-A2-004	4	4	4	4	5	ABSTAIN:leader-changed	A	0	0	leader-changed
TRAP-A2-005	4	4	4	4	5	ABSTAIN:leader-changed	A	0	0	leader-changed
TRAP-A2-006	4	4	4	4	5	ABSTAIN:leader-changed	A	0	0	leader-changed
TRAP-A2-007	4	4	4	4	5	ABSTAIN:leader-changed	A	0	0	leader-changed
TRAP-A2-008	4	4	4	4	5	ABSTAIN:leader-changed	A	0	0	leader-changed
TRAP-A3-001	4	2	2	2	2	ABSTAIN:leader-changed	A	0	1	leader-changed
TRAP-A3-002	4	2	2	2	2	ABSTAIN:leader-changed	A	0	1	leader-changed
TRAP-A3-003	4	2	2	2	2	ABSTAIN:leader-changed	A	0	1	leader-changed
TRAP-A3-004	4	2	2	2	2	ABSTAIN:leader-changed	A	0	0	leader-changed
TRAP-A3-005	4	2	2	2	2	ABSTAIN:leader-changed	A	0	0	leader-changed
TRAP-A3-006	4	2	2	2	2	ABSTAIN:leader-changed	A	0	0	leader-changed
TRAP-A4-001	4	4	4	4	4	ABSTAIN:leader-changed	A	0	1	leader-changed
TRAP-A4-002	4	4	4	4	4	ABSTAIN:leader-changed	A	0	1	leader-changed
TRAP-A4-003	4	4	4	4	4	ABSTAIN:leader-changed	A	0	1	leader-changed
TRAP-A4-004	4	4	4	4	4	ABSTAIN:leader-changed	A	0	1	leader-changed
TRAP-A4-005	4	4	4	4	4	ABSTAIN:leader-changed	A	0	1	leader-changed
TRAP-A4-006	4	4	4	4	4	ABSTAIN:leader-changed	A	0	1	leader-changed
TRAP-A5-001	4	4	4	4	4	ABSTAIN:leader-changed	A	0	1	leader-changed
TRAP-A5-002	4	4	4	4	4	ABSTAIN:leader-changed	A	0	1	leader-changed
TRAP-A5-003	4	4	4	4	4	ABSTAIN:leader-changed	A	0	1	leader-changed
TRAP-A5-004	4	4	4	4	4	ABSTAIN:leader-changed	A	0	1	leader-changed
TRAP-A5-005	4	4	4	4	4	ABSTAIN:leader-changed	A	0	1	leader-changed
TRAP-A5-006	4	4	4	4	4	ABSTAIN:leader-changed	A	0	1	leader-changed
TRAP-A6-001	4	3	3	3	3	ABSTAIN:leader-changed	A	0	0	leader-changed
TRAP-A6-002	4	3	3	3	3	ABSTAIN:leader-changed	A	0	1	leader-changed
TRAP-A6-003	4	3	3	3	3	ABSTAIN:leader-changed	A	0	0	leader-changed
TRAP-A6-004	4	3	3	3	3	ABSTAIN:leader-changed	A	0	1	leader-changed
TRAP-A6-005	4	3	3	3	3	ABSTAIN:leader-changed	A	0	0	leader-changed
TRAP-A6-006	4	3	3	3	3	ABSTAIN:leader-changed	A	0	1	leader-changed
TRAP-B1-001	4	4	4	4	4	ABSTAIN:leader-changed	A	0	1	leader-changed
TRAP-B1-002	4	4	4	4	4	ABSTAIN:leader-changed	A	0	1	leader-changed
TRAP-B1-003	4	4	4	4	4	ABSTAIN:leader-changed	A	0	1	leader-changed
TRAP-B1-004	4	4	4	4	4	ABSTAIN:leader-changed	A	0	1	leader-changed
TRAP-B1-005	4	4	4	4	4	ABSTAIN:leader-changed	A	0	1	leader-changed
TRAP-B1-006	4	4	4	4	4	ABSTAIN:leader-changed	A	0	0	leader-changed
TRAP-B1-007	4	4	4	4	4	ABSTAIN:leader-changed	A	0	0	leader-changed
TRAP-B1-008	4	4	4	4	4	ABSTAIN:leader-changed	A	0	0	leader-changed
TRAP-B2-001	4	4	4	4	4	ABSTAIN:leader-changed	A	0	0	leader-changed
TRAP-B2-002	4	4	4	4	4	ABSTAIN:leader-changed	A	0	0	leader-changed
TRAP-B2-003	4	4	4	4	4	ABSTAIN:leader-changed	A	0	0	leader-changed
TRAP-B2-004	4	4	4	4	4	ABSTAIN:leader-changed	A	0	0	leader-changed
TRAP-B2-005	4	4	4	4	4	ABSTAIN:leader-changed	A	0	0	leader-changed
TRAP-B2-006	4	4	4	4	4	ABSTAIN:leader-changed	A	0	0	leader-changed
TRAP-B2-007	4	4	4	4	4	ABSTAIN:leader-changed	A	0	0	leader-changed
TRAP-B2-008	4	4	4	4	4	ABSTAIN:leader-changed	A	0	0	leader-changed
TRAP-B3-001	4	4	4	3	3	ABSTAIN:leader-changed	A	0	1	leader-changed
TRAP-B3-002	4	4	4	3	3	ABSTAIN:leader-changed	A	0	1	leader-changed
TRAP-B3-003	4	4	4	3	3	ABSTAIN:leader-changed	A	0	1	leader-changed
TRAP-B3-004	4	4	4	3	3	ABSTAIN:leader-changed	A	0	0	leader-changed
TRAP-B3-005	4	4	4	3	3	ABSTAIN:leader-changed	A	0	0	leader-changed
TRAP-B3-006	4	4	4	3	3	ABSTAIN:leader-changed	A	0	0	leader-changed
TRAP-B4-001	4	3	3	3	3	ABSTAIN:leader-changed	A	0	1	leader-changed
TRAP-B4-002	4	3	3	3	3	ABSTAIN:leader-changed	A	0	1	leader-changed
TRAP-B4-003	4	3	3	3	3	ABSTAIN:leader-changed	A	0	1	leader-changed
TRAP-B4-004	4	3	3	3	3	ABSTAIN:leader-changed	A	0	1	leader-changed
TRAP-B4-005	4	3	3	3	3	ABSTAIN:leader-changed	A	0	1	leader-changed
TRAP-B4-006	4	3	3	3	3	ABSTAIN:leader-changed	A	0	1	leader-changed
TRAP-B5-001	4	2	2	2	2	ABSTAIN:leader-changed	A	0	0	leader-changed
TRAP-B5-002	4	2	2	2	2	ABSTAIN:leader-changed	A	0	0	leader-changed
TRAP-B5-003	4	2	2	2	2	ABSTAIN:leader-changed	A	0	0	leader-changed
TRAP-B5-004	4	2	2	2	2	ABSTAIN:leader-changed	A	0	0	leader-changed
TRAP-B5-005	4	2	2	2	2	ABSTAIN:leader-changed	A	0	0	leader-changed
TRAP-B5-006	4	2	2	2	2	ABSTAIN:leader-changed	A	0	0	leader-changed
TRAP-B6-001	4	3	3	3	3	ABSTAIN:leader-changed	A	0	1	leader-changed
TRAP-B6-002	4	3	3	3	3	ABSTAIN:leader-changed	A	0	1	leader-changed
TRAP-B6-003	4	3	3	3	3	ABSTAIN:leader-changed	A	0	1	leader-changed
TRAP-B6-004	4	3	3	3	3	ABSTAIN:leader-changed	A	0	1	leader-changed
TRAP-B6-005	4	3	3	3	3	ABSTAIN:leader-changed	A	0	1	leader-changed
TRAP-B6-006	4	3	3	3	3	ABSTAIN:leader-changed	A	0	1	leader-changed
TRAP-C1-001	4	4	4	3	3	ABSTAIN:leader-changed	A	0	1	leader-changed
TRAP-C1-002	4	4	4	3	3	ABSTAIN:leader-changed	A	0	1	leader-changed
TRAP-C1-003	4	4	4	3	3	ABSTAIN:leader-changed	A	0	1	leader-changed
TRAP-C1-004	4	4	4	3	3	ABSTAIN:leader-changed	A	0	1	leader-changed
TRAP-C1-005	4	4	4	3	3	ABSTAIN:leader-changed	A	0	1	leader-changed
TRAP-C1-006	4	4	4	3	3	ABSTAIN:leader-changed	A	0	1	leader-changed
TRAP-C2-001	4	4	4	3	3	ABSTAIN:leader-changed	A	0	1	leader-changed
TRAP-C2-002	4	4	4	3	3	ABSTAIN:leader-changed	A	0	1	leader-changed
TRAP-C2-003	4	4	4	3	3	ABSTAIN:leader-changed	A	0	1	leader-changed
TRAP-C2-004	4	4	4	3	3	ABSTAIN:leader-changed	A	0	1	leader-changed
TRAP-C2-005	4	4	4	3	3	ABSTAIN:leader-changed	A	0	1	leader-changed
TRAP-C2-006	4	4	4	3	3	ABSTAIN:leader-changed	A	0	1	leader-changed
TRAP-CV-001	4	4	4	3	3	ABSTAIN:leader-changed	A	0	0	leader-changed
TRAP-CV-002	4	4	4	3	3	ABSTAIN:leader-changed	A	0	0	leader-changed
TRAP-CV-003	4	4	4	3	3	ABSTAIN:leader-changed	A	0	0	leader-changed
TRAP-CV-004	4	4	4	3	3	ABSTAIN:leader-changed	A	0	0	leader-changed
TRAP-CH-001	4	4	4	3	3	ABSTAIN:leader-changed	A	0	0	leader-changed
TRAP-CH-002	4	4	4	3	3	ABSTAIN:leader-changed	A	0	0	leader-changed
TRAP-CH-003	4	4	4	3	3	ABSTAIN:leader-changed	A	0	0	leader-changed
TRAP-C7-001	4	4	4	3	3	ABSTAIN:leader-changed	A	0	1	leader-changed
TRAP-C7-002	4	4	4	3	3	ABSTAIN:leader-changed	A	0	1	leader-changed
TRAP-C7-003	4	4	4	3	3	ABSTAIN:leader-changed	A	0	1	leader-changed
TRAP-C7-004	4	4	4	3	3	ABSTAIN:leader-changed	A	0	1	leader-changed
TRAP-C7-005	4	4	4	3	3	ABSTAIN:leader-changed	A	0	1	leader-changed
TRAP-C5a	4	2	2	2	2	ABSTAIN:leader-changed	A	0	1	leader-changed
TRAP-C5b	4	2	2	2	2	ABSTAIN:leader-changed	A	0	1	leader-changed
TRAP-C5c	4	2	2	2	2	ABSTAIN:leader-changed	A	0	0	leader-changed
TRAP-C5d	4	2	2	2	2	ABSTAIN:leader-changed	A	0	1	leader-changed
TRAP-C5e	4	2	2	2	2	ABSTAIN:leader-changed	A	0	1	leader-changed
TRAP-C5f	4	2	2	2	2	ABSTAIN:leader-changed	A	0	0	leader-changed
TRAP-C3-001	4	2	2	2	2	ABSTAIN:leader-changed	A	0	0	leader-changed
TRAP-C3-002	4	2	2	2	2	ABSTAIN:leader-changed	A	0	0	leader-changed
TRAP-C3-003	4	2	2	2	2	ABSTAIN:leader-changed	A	0	0	leader-changed
TRAP-C3-004	4	2	2	2	2	ABSTAIN:leader-changed	A	0	0	leader-changed
TRAP-C3-005	4	2	2	2	2	ABSTAIN:leader-changed	A	0	0	leader-changed
TRAP-C3-006	4	2	2	2	2	ABSTAIN:leader-changed	A	0	0	leader-changed
TRAP-C4-001	4	4	4	4	4	ABSTAIN:leader-changed	A	0	1	leader-changed
TRAP-C4-002	4	4	4	4	4	ABSTAIN:leader-changed	A	0	1	leader-changed
TRAP-C4-003	4	4	4	4	4	ABSTAIN:leader-changed	A	0	1	leader-changed
TRAP-C4-004	4	4	4	4	4	ABSTAIN:leader-changed	A	0	1	leader-changed
TRAP-C4-005	4	4	4	4	4	ABSTAIN:leader-changed	A	0	1	leader-changed
TRAP-C4-006	4	4	4	4	4	ABSTAIN:leader-changed	A	0	1	leader-changed
TRAP-C6-001	4	4	4	4	7	P_and_Q	0	1	0	lstwba
TRAP-C6-002	4	4	4	4	7	P_and_Q	0	1	0	lstwba
TRAP-C6-003	4	4	4	4	7	P_and_Q	0	1	0	lstwba
TRAP-C6-004	4	4	4	4	7	P_and_Q	0	1	0	lstwba
TRAP-C6-005	4	4	4	4	7	P_and_Q	0	1	0	lstwba
